c_Metal_mM,SMILES
0.0004,CCCCCCCCCCCC
0.0004,CCCCCCCCCCCC
0.0004,CCCCCCCCCCCC
0.0004,CCCCCCCCCCCC
0.0004,CCCCCCCCCCCC
0.0004,CCCCCCCCCCCC
0.0004,CCCCCCCCCCCC
0.0004,CCCCCCCCCCCC
0.0004,CCCCCCCCCCCC
0.0004,CCCCCCCCCCCC
0.0004,CCCCCCCCCCCC
0.0004,CCCCCCCCCCCC
0.0004,CCCCCCCCCCCC
0.0004,CCCCCCCCCCCC
 ,CCCCCCCCCCCC
 ,CCCCCCCCCCCC
 ,CCCCCCCCCCCC
 ,CCCCCCCCCCCC
1,CCCCCCCCCCCC
1,CCCCCCCCCCCC
1,CCCCCCCCCCCC
1,CCCCCCCCCCCC
1,CCCCCCCCCCCC
1,CCCCCCCCCCCC
1,CCCCCCCCCCCC
11,CCCCCCCCCCCC
11,CCCCCCCCCCCC
11,CCCCCCCCCCCC
11,CCCCCCCCCCCC
11,CCCCCCCCCCCC
 ,CCCCCCCCCCCC
 ,CCCCCCCCCCCC
 ,CCCCCCCCCCCC
 ,CCCCCCCCCCCC
4.20133,CCCCCCCCCCCC
4.20133,CCCCCCCCCCCC
4.20133,CCCCCCCCCCCC
4.20133,CCCCCCCCCCCC
 ,CCCCCCCCCCCC
 ,CCCCCCCCCCCC
 ,CCCCCCCCCCCC
 ,CCCCCCCCCCCC
 ,CCCCCCCCCCCC
 ,CCCCCCCCCCCC
0.403411,CCCCCCCCCCCC
0.337403,CCCCCCCCCCCC
0.238768,CCCCCCCCCCCC
0.164017,CCCCCCCCCCCC
0.0808129,CCCCCCCCCCCC
0.043154,CCCCCCCCCCCC
0.442471,CCCCCCCCCCCC
0.590906,CCCCCCCCCCCC
132.728,CCCCCCCCCCCC
0.771528,CCCCCCCCCCCC
0.169099,CCCCCCCCCCCC
0.0845494,CCCCCCCCCCCC
0.0424893,CCCCCCCCCCCC
234.87,CCCCCCCCCCCC
222.53,CCCCCCCCCCCC
212.881,CCCCCCCCCCCC
187.29,CCCCCCCCCCCC
0.67316,CCCCCCCCCCCC
173.286,CCCCCCCCCCCC
79.1731,CCCCCCCCCCCC
55.8431,CCCCCCCCCCCC
20.7144,CCCCCCCCCCCC
9.80066,CCCCCCCCCCCC
1.08928,CCCCCCCCCCCC
1.01631,CCCCCCCCCCCC
0.929396,CCCCCCCCCCCC
0.84099,CCCCCCCCCCCC
148.582,CCCCCCCCCCCC
0.1,CCCCCCCCCCCC
0.1,CCCCCCCCCCCC
0.1,CCCCCCCCCCCC
0.1,CCCCCCCCCCCC
0.1,CCCCCCCCCCCC
0.1,CCCCCCCCCCCC
0.1,CCCCCCCCCCCC
0.1,CCCCCCCCCCCC
0.1,CCCCCCCCCCCC
0.1,CCCCCCCCCCCC
0.253648,CCCCCCCCCCCC
0.1,CCCCCCCCCCCC
0.1,CCCCCCCCCCCC
0.1,CCCCCCCCCCCC
0.1,CCCCCCCCCCCC
0.338197,CCCCCCCCCCCC
119.5,CCCCCCCCCCCC
0.676824,CCCCCCCCCCCC
0.592275,CCCCCCCCCCCC
0.507296,CCCCCCCCCCCC
0.422747,CCCCCCCCCCCC
 ,CCCCCCCCCCCC
 ,CCCCCCCCCCCC
 ,CCCCCCCCCCCC
 ,CCCCCCCCCCCC
 ,CCCCCCCCCCCC
 ,CCCCCCCCCCCC
 ,CCCCCCCCCCCC
 ,CCCCCCCCCCCC
4.2,CCCCCCCCCCCC
4.2,CCCCCCCCCCCC
4.2,CCCCCCCCCCCC
4.2,CCCCCCCCCCCC
4.2,CCCCCCCCCCCC
4.2,CCCCCCCCCCCC
4.2,CCCCCCCCCCCC
4.2,CCCCCCCCCCCC
4.2,CCCCCCCCCCCC
4.2,CCCCCCCCCCCC
4.2,CCCCCCCCCCCC
4.2,CCCCCCCCCCCC
1,CCCCCCCCCCCC
1,CCCCCCCCCCCC
1,CCCCCCCCCCCC
1,CCCCCCCCCCCC
1,CCCCCCCCCCCC
1,CCCCCCCC
1,CCCCCC
 ,CCCC(C)CC(C)C 
 ,CCCC(C)CC(C)C 
 ,CCCC(C)CC(C)C 
 ,CCCC(C)CC(C)C 
 ,CCCC(C)CC(C)C 
1,CC1=CC=CC=C1
50,CC1=CC=CC=C1
1,C1=CC=CC=C1
 ,C1=CC=CC=C1
 ,C1=CC=CC=C1
 ,C1=CC=CC=C1
 ,C1=CC=CC=C1
200,CCCCCCCCCCCC
200,CCCCCCCCCCCC
200,CCCCCCCCCCCC
200,CCCCCCCCCCCC
0.01,CCCCCCCCCCCC
0.01,CCCCCCCCCCCC
0.01,CCCCCCCCCCCC
0.01,CCCCCCCCCCCC
0.01,CCCCCCCCCCCC
0.01,CCCCCCCCCCCC
0.01,CCCCCCCCCCCC
0.01,CCCCCCCCCCCC
0.01,CCCCCCCCCCCC
0.01,CCCCCCCCCCCC
0.01,CCCCCCCCCCCC
0.01,CCCCCCCCCCCC
0.01,CCCCCCCCCCCC
0.01,CCCCCCCCCCCC
0.01,CCCCCCCCCCCC
0.01,CCCCCCCCCCCC
0.01,CCCCCCCCCCCC
0.01,CCCCCCCCCCCC
0.01,CCCCCCCCCCCC
0.01,CCCCCCCCCCCC
0.01,CCCCCCCCCCCC
0.01,CCCCCCCCCCCC
0.01,CCCCCCCCCCCC
0.01,CCCCCCCCCCCC
0.01,CCCCCCCCCCCC
0.01,CCCCCCCCCCCC
0.01,CCCCCCCCCCCC
0.01,CCCCCCCCCCCC
0.01,CCCCCCCCCCCC
0.01,CCCCCCCCCCCC
0.01,CCCCCCCCCCCC
0.01,CCCCCCCCCCCC
0.01,CCCCCCCCCCCC
0.01,CCCCCCCCCCCC
0.01,CCCCCCCCCCCC
0.01,CCCCCCCCCCCC
0.01,CCCCCCCCCCCC
0.01,CCCCCCCCCCCC
0.01,CCCCCCCCCCCC
0.01,CCCCCCCCCCCC
0.01,CCCCCCCCCCCC
0.01,CCCCCCCCCCCC
0.01,CCCCCCCCCCCC
0.01,CCCCCCCCCCCC
0.01,CCCCCCCCCCCC
0.01,CCCCCCCCCCCC
0.01,CCCCCCCCCCCC
0.01,CCCCCCCCCCCC
0.01,CCCCCCCCCCCC
0.01,CCCCCCCCCCCC
0.01,CCCCCCCCCCCC
0.01,CCCCCCCCCCCC
0.01,CCCCCCCCCCCC
0.01,CCCCCCCCCCCC
0.01,CCCCCCCCCCCC
0.01,CCCCCCCCCCCC
0.01,CCCCCCCCCCCC
0.01,CCCCCCCCCCCC
0.01,CCCCCCCCCCCC
0.01,CCCCCCCCCCCC
0.01,CCCCCCCCCCCC
0.01,CCCCCCCCCCCC
0.01,CCCCCCCCCCCC
0.01,CCCCCCCCCCCC
0.01,CCCCCCCCCCCC
0.01,CCCCCCCCCCCC
0.01,CCCCCCCCCCCC
0.01,CCCCCCCCCCCC
 ,CCCCCCCCCCCC
 ,CCCCCCCCCCCC
 ,CCCCCCCCCCCC
 ,CCCCCCCCCCCC
 ,CCCCCCCCCCCC
 ,CCCCCCCCCCCC
 ,CCCCCCCCCCCC
 ,CCCCCCCCCCCC
 ,CCCCCCCCCCCC
 ,CCCCCCCCCCCC
 ,CCCCCCCCCCCC
 ,CCCCCCCCCCCC
 ,CCCCCCCCCCCC
 ,CCCCCCCCCCCC
 ,CCCCCCCCCCCC
 ,CCCCCCCCCCCC
 ,CCCCCCCCCCCC
 ,CCCCCCCCCCCC
 ,CCCCCCCCCCCC
 ,CCCCCCCCCCCC
 ,CCCCCCCCCCCC
 ,CCCCCCCCCCCC
 ,CCCCCCCCCCCC
 ,CCCCCCCCCCCC
 ,CCCCCCCCCCCC
 ,CCCCCCCCCCCC
 ,CCCCCCCCCCCC
 ,CCCCCCCCCCCC
 ,CCCCCCCCCCCC
 ,CCCCCCCCCCCC
 ,CCCCCCCCCCCC
 ,CCCCCCCCCCCC
 ,CCCCCCCCCCCC
 ,CCCC(C)CC(C)C 
 ,CCCC(C)CC(C)C 
 ,CCCC(C)CC(C)C 
 ,CCCC(C)CC(C)C 
 ,CCCC(C)CC(C)C 
 ,CCCC(C)CC(C)C 
 ,CCCC(C)CC(C)C 
 ,CCCC(C)CC(C)C 
 ,CCCC(C)CC(C)C 
 ,CCCC(C)CC(C)C 
 ,CCCC(C)CC(C)C 
 ,CCCC(C)CC(C)C 
 ,CCCC(C)CC(C)C 
 ,CCCC(C)CC(C)C 
0.74426,CCCC(C)CC(C)C 
2.3256,CCCC(C)CC(C)C 
4.4352,CCCC(C)CC(C)C 
7.2373,CCCC(C)CC(C)C 
9.3518,CCCC(C)CC(C)C 
50,CCCC(C)CC(C)C 
50,CCCC(C)CC(C)C 
50,CCCC(C)CC(C)C 
50,CCCC(C)CC(C)C 
50,CCCC(C)CC(C)C 
50,CCCC(C)CC(C)C 
50,CCCC(C)CC(C)C 
50,CCCC(C)CC(C)C 
50,CCCC(C)CC(C)C 
50,CCCC(C)CC(C)C 
50,CCCC(C)CC(C)C 
50,CCCC(C)CC(C)C 
50,CCCC(C)CC(C)C 
50,CCCC(C)CC(C)C 
50,CCCC(C)CC(C)C 
50,CCCC(C)CC(C)C 
50,CCCC(C)CC(C)C 
50,CCCC(C)CC(C)C 
50,CCCC(C)CC(C)C 
50,CCCC(C)CC(C)C 
50,CCCC(C)CC(C)C 
50,CCCC(C)CC(C)C 
50,CCCC(C)CC(C)C 
50,CCCC(C)CC(C)C 
50,CCCC(C)CC(C)C 
50,CCCC(C)CC(C)C 
50,CCCC(C)CC(C)C 
50,CCCC(C)CC(C)C 
 ,CCCC(C)CC(C)C 
 ,CCCC(C)CC(C)C 
 ,CCCC(C)CC(C)C 
 ,CCCC(C)CC(C)C 
 ,CCCC(C)CC(C)C 
 ,CCCC(C)CC(C)C 
 ,CCCC(C)CC(C)C 
 ,CCCC(C)CC(C)C 
 ,CCCC(C)CC(C)C 
 ,CCCC(C)CC(C)C 
 ,CCCC(C)CC(C)C 
 ,CCCC(C)CC(C)C 
 ,CCCC(C)CC(C)C 
 ,CCCC(C)CC(C)C 
 ,CCCC(C)CC(C)C 
 ,CCCC(C)CC(C)C 
 ,CCCC(C)CC(C)C 
 ,CCCC(C)CC(C)C 
 ,CCCC(C)CC(C)C 
 ,CCCC(C)CC(C)C 
 ,CCCC(C)CC(C)C 
 ,CCCC(C)CC(C)C 
 ,CCCC(C)CC(C)C 
 ,CCCC(C)CC(C)C 
 ,CCCC(C)CC(C)C 
 ,CCCC(C)CC(C)C 
 ,CCCC(C)CC(C)C 
 ,CCCC(C)CC(C)C 
 ,CCCC(C)CC(C)C 
 ,CCCC(C)CC(C)C 
 ,CCCC(C)CC(C)C 
1.00412,CCCCCCCCCCCC
3.96326,CCCCCCCCCCCC
7.63186,CCCCCCCCCCCC
21.5968,CCCCCCCCCCCC
36.5481,CCCCCCCCCCCC
57.5048,CCCCCCCCCCCC
83.5303,CCCCCCCCCCCC
166.431,CCCCCCCCCCCC
332.196,CCCCCCCCCCCC
497.489,CCCCCCCCCCCC
100,CCCCCCCCCCCC
100,CCCCCCCCCCCC
100,CCCCCCCCCCCC
100,CCCCCCCCCCCC
100,CCCCCCCCCCCC
100,CCCCCCCCCCCC
100,CCCCCCCCCCCC
250,CCCCCCCCCCCC
250,CCCCCCCCCCCC
250,CCCCCCCCCCCC
250,CCCCCCCCCCCC
250,CCCCCCCCCCCC
250,CCCCCCCCCCCC
250,CCCCCCCCCCCC
500,CCCCCCCCCCCC
500,CCCCCCCCCCCC
500,CCCCCCCCCCCC
500,CCCCCCCCCCCC
500,CCCCCCCCCCCC
500,CCCCCCCCCCCC
500,CCCCCCCCCCCC
750,CCCCCCCCCCCC
750,CCCCCCCCCCCC
750,CCCCCCCCCCCC
750,CCCCCCCCCCCC
750,CCCCCCCCCCCC
750,CCCCCCCCCCCC
750,CCCCCCCCCCCC
1000,CCCCCCCCCCCC
1000,CCCCCCCCCCCC
1000,CCCCCCCCCCCC
1000,CCCCCCCCCCCC
1000,CCCCCCCCCCCC
1000,CCCCCCCCCCCC
1000,CCCCCCCCCCCC
1250,CCCCCCCCCCCC
1250,CCCCCCCCCCCC
1250,CCCCCCCCCCCC
1250,CCCCCCCCCCCC
1250,CCCCCCCCCCCC
200,CCCCCCCCCCCC
200,CCCCCCCCCCCC
200,CCCCCCCCCCCC
200,CCCCCCCCCCCC
0.01,CCCCCCCCCCCC
0.01,CCCCCCCCCCCC
0.01,CCCCCCCCCCCC
0.01,CCCCCCCCCCCC
0.01,CCCCCCCCCCCC
0.01,CCCCCCCCCCCC
0.01,CCCCCCCCCCCC
0.01,CCCCCCCCCCCC
0.01,CCCCCCCCCCCC
0.01,CCCCCCCCCCCC
0.01,CCCCCCCCCCCC
0.01,CCCCCCCCCCCC
0.01,CCCCCCCCCCCC
0.01,CCCCCCCCCCCC
0.01,CCCCCCCCCCCC
0.01,CCCCCCCCCCCC
0.01,CCCCCCCCCCCC
0.01,CCCCCCCCCCCC
0.01,CCCCCCCCCCCC
0.01,CCCCCCCCCCCC
0.01,CCCCCCCCCCCC
0.01,CCCCCCCCCCCC
0.01,CCCCCCCCCCCC
0.01,CCCCCCCCCCCC
0.01,CCCCCCCCCCCC
0.01,CCCCCCCCCCCC
0.01,CCCCCCCCCCCC
0.01,CCCCCCCCCCCC
0.01,CCCCCCCCCCCC
0.01,CCCCCCCCCCCC
0.01,CCCCCCCCCCCC
0.03,CCCCCCCCCCCC
0.01,CCCCCCCCCCCC
0.03,CCCCCCCCCCCC
0.01,CCCCCCCCCCCC
0.01,CCCCCCCCCCCC
0.03,CCCCCCCCCCCC
0.01,CCCCCCCCCCCC
0.03,CCCCCCCCCCCC
0.01,CCCCCCCCCCCC
0.03,CCCCCCCCCCCC
0.01,CCCCCCCCCCCC
0.01,CCCCCCCCCCCC
0.01,CCCCCCCCCCCC
0.01,CCCCCCCCCCCC
0.01,CCCCCCCCCCCC
0.01,CCCCCCCCCCCC
0.01,CCCCCCCCCCCC
0.01,CCCCCCCCCCCC
0.01,CCCCCCCCCCCC
0.01,CCCCCCCCCCCC
0.01,CCCCCCCCCCCC
0.01,CCCCCCCCCCCC
0.01,CCCCCCCCCCCC
0.01,CCCCCCCCCCCC
0.01,CCCCCCCCCCCC
0.01,CCCCCCCCCCCC
0.1,CCCCCCCCCCCC
0.01,CCCCCCCCCCCC
0.1,CCCCCCCCCCCC
0.01,CCCCCCCCCCCC
0.1,CCCCCCCCCCCC
0.01,CCCCCCCCCCCC
0.1,CCCCCCCCCCCC
0.01,CCCCCCCCCCCC
0.1,CCCCCCCCCCCC
0.01,CCCCCCCCCCCC
0.1,CCCCCCCCCCCC
0.01,CCCCCCCCCCCC
0.01,CCCCCCCCCCCC
0.01,CCCCCCCCCCCC
0.01,CCCCCCCCCCCC
0.01,CCCCCCCCCCCC
0.01,CCCCCCCCCCCC
0.01,CCCCCCCCCCCC
0.01,CCCCCCCCCCCC
43.154,CCCCCCCCCCCC
0.01,CCCCCCCCCCCC
80.8129,CCCCCCCCCCCC
0.01,CCCCCCCCCCCC
164.017,CCCCCCCCCCCC
0.01,CCCCCCCCCCCC
238.768,CCCCCCCCCCCC
337.403,CCCCCCCCCCCC
403.411,CCCCCCCCCCCC
442.471,CCCCCCCCCCCC
590.906,CCCCCCCCCCCC
673.16,CCCCCCCCCCCC
771.528,CCCCCCCCCCCC
840.99,CCCCCCCCCCCC
929.396,CCCCCCCCCCCC
1016.31,CCCCCCCCCCCC
1089.28,CCCCCCCCCCCC
42.1206,CCCCCCCCCCCC
88.0849,CCCCCCCCCCCC
237.331,CCCCCCCCCCCC
336.987,CCCCCCCCCCCC
507.567,CCCCCCCCCCCC
564.586,CCCCCCCCCCCC
631.674,CCCCCCCCCCCC
736.371,CCCCCCCCCCCC
796.463,CCCCCCCCCCCC
905.162,CCCCCCCCCCCC
945.309,CCCCCCCCCCCC
997.92,CCCCCCCCCCCC
42.1277,CCCCCCCCCCCC
83.8298,CCCCCCCCCCCC
167.66,CCCCCCCCCCCC
251.489,CCCCCCCCCCCC
335.319,CCCCCCCCCCCC
419.149,CCCCCCCCCCCC
502.979,CCCCCCCCCCCC
587.234,CCCCCCCCCCCC
671.064,CCCCCCCCCCCC
50,CC1=CC=CC=C1
50,CC1=CC=CC=C1
50,CC1=CC=CC=C1
50,CC1=CC=CC=C1
50,CC1=CC=CC=C1
50,CC1=CC=CC=C1
50,CC1=CC=CC=C1
200,CCCCCCCCCCCC
200,CCCCCCCCCCCC
200,CCCCCCCCCCCC
200,CCCCCCCCCCCC
200,CCCCCCCCCCCC
0.01,CCCCCCCCCCCC
0.01,CCCCCCCCCCCC
0.01,CCCCCCCCCCCC
0.01,CCCCCCCCCCCC
0.01,CCCCCCCCCCCC
0.01,CCCCCCCCCCCC
0.01,CCCCCCCCCCCC
0.01,CCCCCCCCCCCC
0.01,CCCCCCCCCCCC
0.01,CCCCCCCCCCCC
0.01,CCCCCCCCCCCC
0.01,CCCCCCCCCCCC
0.01,CCCCCCCCCCCC
0.01,CCCCCCCCCCCC
0.01,CCCCCCCCCCCC
0.01,CCCCCCCCCCCC
0.01,CCCCCCCCCCCC
0.01,CCCCCCCCCCCC
0.01,CCCCCCCCCCCC
0.01,CCCCCCCCCCCC
0.01,CCCCCCCCCCCC
0.01,CCCCCCCCCCCC
0.01,CCCCCCCCCCCC
0.01,CCCCCCCCCCCC
0.01,CCCCCCCCCCCC
0.01,CCCCCCCCCCCC
0.01,CCCCCCCCCCCC
0.01,CCCCCCCCCCCC
0.01,CCCCCCCCCCCC
0.01,CCCCCCCCCCCC
0.01,CCCCCCCCCCCC
0.01,CCCCCCCCCCCC
0.01,CCCCCCCCCCCC
0.01,CCCCCCCCCCCC
0.01,CCCCCCCCCCCC
0.01,CCCCCCCCCCCC
0.01,CCCCCCCCCCCC
0.01,CCCCCCCCCCCC
0.01,CCCCCCCCCCCC
0.01,CCCCCCCCCCCC
0.01,CCCCCCCCCCCC
0.01,CCCCCCCCCCCC
0.01,CCCCCCCCCCCC
0.01,CCCCCCCCCCCC
0.01,CCCCCCCCCCCC
0.01,CCCCCCCCCCCC
0.01,CCCCCCCCCCCC
0.01,CCCCCCCCCCCC
0.01,CCCCCCCCCCCC
0.01,CCCCCCCCCCCC
0.01,CCCCCCCCCCCC
0.01,CCCCCCCCCCCC
0.01,CCCCCCCCCCCC
0.01,CCCCCCCCCCCC
0.01,CCCCCCCCCCCC
0.01,CCCCCCCCCCCC
0.01,CCCCCCCCCCCC
0.01,CCCCCCCCCCCC
0.01,CCCCCCCCCCCC
0.01,CCCCCCCCCCCC
0.01,CCCCCCCCCCCC
0.01,CCCCCCCCCCCC
0.01,CCCCCCCCCCCC
0.01,CCCCCCCCCCCC
0.01,CCCCCCCCCCCC
0.01,CCCCCCCCCCCC
0.01,CCCCCCCCCCCC
0.01,CCCCCCCCCCCC
 ,CCCCCCCCCCCC
 ,CCCCCCCCCCCC
 ,CCCCCCCCCCCC
 ,CCCCCCCCCCCC
 ,CCCCCCCCCCCC
 ,CCCCCCCCCCCC
 ,CCCCCCCCCCCC
 ,CCCCCCCCCCCC
 ,CCCCCCCCCCCC
 ,CCCCCCCCCCCC
 ,CCCCCCCCCCCC
 ,CCCC(C)CC(C)C 
 ,CCCC(C)CC(C)C 
 ,CCCC(C)CC(C)C 
 ,CCCC(C)CC(C)C 
 ,CCCC(C)CC(C)C 
 ,CCCC(C)CC(C)C 
 ,CCCC(C)CC(C)C 
 ,CCCC(C)CC(C)C 
 ,CCCC(C)CC(C)C 
 ,CCCC(C)CC(C)C 
 ,CCCC(C)CC(C)C 
 ,CCCC(C)CC(C)C 
 ,CCCC(C)CC(C)C 
 ,CCCC(C)CC(C)C 
0.74426,CCCC(C)CC(C)C 
2.3256,CCCC(C)CC(C)C 
4.4352,CCCC(C)CC(C)C 
7.2373,CCCC(C)CC(C)C 
9.3518,CCCC(C)CC(C)C 
50,CCCC(C)CC(C)C 
50,CCCC(C)CC(C)C 
50,CCCC(C)CC(C)C 
50,CCCC(C)CC(C)C 
50,CCCC(C)CC(C)C 
50,CCCC(C)CC(C)C 
50,CCCC(C)CC(C)C 
50,CCCC(C)CC(C)C 
50,CCCC(C)CC(C)C 
50,CCCC(C)CC(C)C 
50,CCCC(C)CC(C)C 
50,CCCC(C)CC(C)C 
50,CCCC(C)CC(C)C 
50,CCCC(C)CC(C)C 
50,CCCC(C)CC(C)C 
50,CCCC(C)CC(C)C 
50,CCCC(C)CC(C)C 
50,CCCC(C)CC(C)C 
50,CCCC(C)CC(C)C 
50,CCCC(C)CC(C)C 
50,CCCC(C)CC(C)C 
50,CCCC(C)CC(C)C 
50,CCCC(C)CC(C)C 
50,CCCC(C)CC(C)C 
50,CCCC(C)CC(C)C 
50,CCCC(C)CC(C)C 
50,CCCC(C)CC(C)C 
50,CCCC(C)CC(C)C 
 ,CCCC(C)CC(C)C 
 ,CCCC(C)CC(C)C 
 ,CCCC(C)CC(C)C 
 ,CCCC(C)CC(C)C 
 ,CCCC(C)CC(C)C 
 ,CCCC(C)CC(C)C 
 ,CCCC(C)CC(C)C 
 ,CCCC(C)CC(C)C 
 ,CCCC(C)CC(C)C 
 ,CCCC(C)CC(C)C 
 ,CCCC(C)CC(C)C 
 ,CCCC(C)CC(C)C 
 ,CCCC(C)CC(C)C 
 ,CCCC(C)CC(C)C 
 ,CCCC(C)CC(C)C 
 ,CCCC(C)CC(C)C 
 ,CCCC(C)CC(C)C 
 ,CCCC(C)CC(C)C 
 ,CCCC(C)CC(C)C 
 ,CCCC(C)CC(C)C 
 ,CCCC(C)CC(C)C 
 ,CCCC(C)CC(C)C 
 ,CCCC(C)CC(C)C 
 ,CCCC(C)CC(C)C 
 ,CCCC(C)CC(C)C 
 ,CCCC(C)CC(C)C 
 ,CCCC(C)CC(C)C 
 ,CCCC(C)CC(C)C 
 ,CCCC(C)CC(C)C 
 ,CCCC(C)CC(C)C 
 ,CCCC(C)CC(C)C 
1.00412,CCCCCCCCCCCC
3.96326,CCCCCCCCCCCC
7.63186,CCCCCCCCCCCC
21.5968,CCCCCCCCCCCC
36.5481,CCCCCCCCCCCC
57.5048,CCCCCCCCCCCC
83.5303,CCCCCCCCCCCC
166.431,CCCCCCCCCCCC
332.196,CCCCCCCCCCCC
497.489,CCCCCCCCCCCC
100,CCCCCCCCCCCC
100,CCCCCCCCCCCC
100,CCCCCCCCCCCC
100,CCCCCCCCCCCC
100,CCCCCCCCCCCC
100,CCCCCCCCCCCC
100,CCCCCCCCCCCC
250,CCCCCCCCCCCC
250,CCCCCCCCCCCC
250,CCCCCCCCCCCC
250,CCCCCCCCCCCC
250,CCCCCCCCCCCC
250,CCCCCCCCCCCC
250,CCCCCCCCCCCC
500,CCCCCCCCCCCC
500,CCCCCCCCCCCC
500,CCCCCCCCCCCC
500,CCCCCCCCCCCC
500,CCCCCCCCCCCC
500,CCCCCCCCCCCC
500,CCCCCCCCCCCC
750,CCCCCCCCCCCC
750,CCCCCCCCCCCC
750,CCCCCCCCCCCC
750,CCCCCCCCCCCC
750,CCCCCCCCCCCC
750,CCCCCCCCCCCC
750,CCCCCCCCCCCC
1000,CCCCCCCCCCCC
1000,CCCCCCCCCCCC
1000,CCCCCCCCCCCC
1000,CCCCCCCCCCCC
1000,CCCCCCCCCCCC
1000,CCCCCCCCCCCC
1000,CCCCCCCCCCCC
1250,CCCCCCCCCCCC
1250,CCCCCCCCCCCC
1250,CCCCCCCCCCCC
1250,CCCCCCCCCCCC
1250,CCCCCCCCCCCC
0.03,CCCCCCCCCCCC
0.03,CCCCCCCCCCCC
0.03,CCCCCCCCCCCC
0.03,CCCCCCCCCCCC
0.03,CCCCCCCCCCCC
0.1,CCCCCCCCCCCC
0.1,CCCCCCCCCCCC
0.1,CCCCCCCCCCCC
0.1,CCCCCCCCCCCC
0.1,CCCCCCCCCCCC
0.1,CCCCCCCCCCCC
43.154,CCCCCCCCCCCC
80.8129,CCCCCCCCCCCC
164.017,CCCCCCCCCCCC
238.768,CCCCCCCCCCCC
337.403,CCCCCCCCCCCC
403.411,CCCCCCCCCCCC
442.471,CCCCCCCCCCCC
590.906,CCCCCCCCCCCC
673.16,CCCCCCCCCCCC
771.528,CCCCCCCCCCCC
840.99,CCCCCCCCCCCC
929.396,CCCCCCCCCCCC
1016.31,CCCCCCCCCCCC
1089.28,CCCCCCCCCCCC
42.1206,CCCCCCCCCCCC
88.0849,CCCCCCCCCCCC
237.331,CCCCCCCCCCCC
336.987,CCCCCCCCCCCC
507.567,CCCCCCCCCCCC
564.586,CCCCCCCCCCCC
631.674,CCCCCCCCCCCC
736.371,CCCCCCCCCCCC
796.463,CCCCCCCCCCCC
905.162,CCCCCCCCCCCC
945.309,CCCCCCCCCCCC
997.92,CCCCCCCCCCCC
42.1277,CCCCCCCCCCCC
83.8298,CCCCCCCCCCCC
167.66,CCCCCCCCCCCC
251.489,CCCCCCCCCCCC
335.319,CCCCCCCCCCCC
419.149,CCCCCCCCCCCC
502.979,CCCCCCCCCCCC
587.234,CCCCCCCCCCCC
671.064,CCCCCCCCCCCC
50,CC1=CC=CC=C1
50,CC1=CC=CC=C1
50,CC1=CC=CC=C1
50,CC1=CC=CC=C1
50,CC1=CC=CC=C1
50,CC1=CC=CC=C1
50,CC1=CC=CC=C1
50,CC1=CC=CC=C1
50,CC1=CC=CC=C1
50,CC1=CC=CC=C1
50,CC1=CC=CC=C1
50,CC1=CC=CC=C1
50,CC1=CC=CC=C1
50,CC1=CC=CC=C1
50,CC1=CC=CC=C1
50,CC1=CC=CC=C1
50,CC1=CC=CC=C1
50,CC1=CC=CC=C1
50,CC1=CC=CC=C1
50,CC1=CC=CC=C1
50,CC1=CC=CC=C1
50,CC1=CC=CC=C1
50,CC1=CC=CC=C1
50,CC1=CC=CC=C1
50,CC1=CC=CC=C1
50,CC1=CC=CC=C1
100,CC1=CC=CC=C1
100,CC1=CC=CC=C1
100,CC1=CC=CC=C1
100,CC1=CC=CC=C1
100,CC1=CC=CC=C1
100,CC1=CC=CC=C1
100,CC1=CC=CC=C1
100,CC1=CC=CC=C1
 ,CCCCCCCCCCCC
 ,CCCCCCCCCCCC
 ,CCCCCCCCCCCC
 ,CCCCCCCCCCCC
 ,CCCCCCCCCCCC
 ,CCCCCCCCCCCC
 ,CCCCCCCCCCCC
 ,CCCCCCCCCCCC
 ,CCCCCCCCCCCC
 ,CCCCCCCCCCCC
 ,CCCCCCCCCCCC
 ,CCCCCCCCCCCC
 ,CCCCCCCCCCCC
 ,CCCCCCCCCCCC
 ,CCCCCCCCCCCC
 ,CCCCCCCCCCCC
 ,CCCCCCCCCCCC
 ,CCCCCCCCCCCC
 ,CCCCCCCCCCCC
 ,CCCCCCCCCCCC
 ,CCCCCCCCCCCC
 ,CCCCCCCCCCCC
 ,CCCCCCCCCCCC
 ,CCCCCCCCCCCC
0.1,CCCCCCCCCCCC
64.3777,CCCCCCCCCCCC
128.755,CCCCCCCCCCCC
193.133,CCCCCCCCCCCC
257.511,CCCCCCCCCCCC
321.888,CCCCCCCCCCCC
429.185,CCCCCCCCCCCC
515.021,CCCCCCCCCCCC
 ,CCCCCCCCCCCC
 ,CCCCCCCCCCCC
 ,CCCCCCCCCCCC
 ,CCCCCCCCCCCC
0.1,CCCCCCCCCCCC
0.1,CCCCCCCCCCCC
0.1,CCCCCCCCCCCC
0.1,CCCCCCCCCCCC
0.1,CCCCCCCCCCCC
0.1,CCCCCCCCCCCC
0.1,CCCCCCCCCCCC
0.1,CCCCCCCCCCCC
0.1,CCCCCCCCCCCC
0.1,CCCCCCCCCCCC
0.1,CCCCCCCCCCCC
0.1,CCCCCCCCCCCC
0.1,CCCCCCCCCCCC
0.1,CCCCCCCCCCCC
0.1,CCCCCCCCCCCC
0.1,CCCCCCCCCCCC
0.1,CCCCCCCCCCCC
0.1,CCCCCCCCCCCC
0.1,CCCCCCCCCCCC
0.1,CCCCCCCCCCCC
0.1,CCCCCCCCCCCC
0.1,CCCCCCCCCCCC
0.1,CCCCCCCCCCCC
0.1,CCCCCCCCCCCC
 ,CCCCCCCCCCCC
 ,CCCCCCCCCCCC
 ,CCCCCCCCCCCC
 ,CCCCCCCCCCCC
 ,CCCCCCCCCCCC
 ,CCCCCCCCCCCC
 ,CCCCCCCCCCCC
 ,CCCCCCCCCCCC
 ,CCCCCCCCCCCC
 ,CCCCCCCCCCCC
 ,CCCCCCCCCCCC
 ,CCCCCCCCCCCC
 ,CCCCCCCCCCCC
 ,CCCCCCCCCCCC
 ,CCCCCCCCCCCC
 ,CCCCCCCCCCCC
 ,CCCCCCCCCCCC
 ,CCCCCCCCCCCC
1,CCCCCCCCCCCC
64.3777,CCCCCCCCCCCC
128.755,CCCCCCCCCCCC
193.133,CCCCCCCCCCCC
257.511,CCCCCCCCCCCC
321.888,CCCCCCCCCCCC
429.185,CCCCCCCCCCCC
515.021,CCCCCCCCCCCC
 ,CCCCCCCCCCCC
 ,CCCCCCCCCCCC
 ,CCCCCCCCCCCC
 ,CCCCCCCCCCCC
 ,CCCCCCCCCCCC
 ,CCCCCCCCCCCC
 ,CCCCCCCCCCCC
 ,CCCCCCCCCCCC
 ,CCCCCCCCCCCC
 ,CCCCCCCCCCCC
 ,CCCCCCCCCCCC
 ,CCCCCCCCCCCC
 ,CCCCCCCCCCCC
 ,CCCCCCCCCCCC
 ,CCCCCCCCCCCC
 ,CCCCCCCCCCCC
 ,CCCCCCCCCCCC
 ,CCCCCCCCCCCC
 ,CCCCCCCCCCCC
 ,CCCCCCCCCCCC
 ,CCCCCCCCCCCC
 ,CCCCCCCCCCCC
 ,CCCCCCCCCCCC
 ,CCCCCCCCCCCC
 ,CCCCCCCCCCCC
 ,CCCCCCCCCCCC
 ,CCCCCCCCCCCC
 ,CCCCCCCCCCCC
 ,CCCCCCCCCCCC
 ,CCCCCCCCCCCC
 ,CCCCCCCCCCCC
 ,CCCCCCCCCCCC
 ,CCCCCCCCCCCC
 ,CCCCCCCCCCCC
 ,CCCCCCCCCCCC
 ,CCCCCCCCCCCC
 ,CCCCCCCCCCCC
 ,CCCCCCCCCCCC
 ,CCCCCCCCCCCC
 ,CCCCCCCCCCCC
 ,CCCCCCCCCCCC
 ,CCCCCCCCCCCC
 ,CCCCCCCCCCCC
 ,CCCCCCCCCCCC
 ,CCCCCCCCCCCC
 ,CCCCCCCCCCCC
 ,CCCCCCCCCCCC
 ,CCCCCCCCCCCC
 ,CCCCCCCCCCCC
 ,CCCCCCCCCCCC
 ,CCCCCCCCCCCC
 ,CCCCCCCCCCCC
 ,CCCCCCCCCCCC
 ,CCCCCCCCCCCC
 ,CCCCCCCCCCCC
 ,CCCCCCCCCCCC
 ,CCCCCCCCCCCC
 ,CCCCCCCCCCCC
 ,CCCCCCCCCCCC
 ,CCCCCCCCCCCC
 ,CCCCCCCCCCCC
 ,CCCCCCCCCCCC
 ,CCCCCCCCCCCC
 ,CCCCCCCCCCCC
 ,CCCCCCCCCCCC
 ,CCCCCCCCCCCC
 ,CCCCCCCCCCCC
 ,CCCCCCCCCCCC
 ,CCCCCCCCCCCC
 ,CCCCCCCCCCCC
 ,CCCCCCCCCCCC
 ,CCCCCCCCCCCC
 ,CCCCCCCCCCCC
 ,CCCCCCCCCCCC
 ,CCCCCCCCCCCC
 ,CCCCCCCCCCCC
 ,CCCCCCCCCCCC
 ,CCCCCCCCCCCC
 ,CC1=CC=CC=C1
 ,CC1=CC=CC=C1
 ,CC1=CC=CC=C1
 ,CC1=CC=CC=C1
 ,CC1=CC=CC=C1
 ,CC1=CC=CC=C1
 ,CC1=CC=CC=C1
 ,CC1=CC=CC=C1
 ,CC1=CC=CC=C1
 ,CC1=CC=CC=C1
 ,CC1=CC=CC=C1
 ,CC1=CC=CC=C1
 ,CC1=CC=CC=C1
 ,CC1=CC=CC=C1
 ,CC1=CC=CC=C1
 ,CC1=CC=CC=C1
 ,CC1=CC=CC=C1
 ,CC1=CC=CC=C1
 ,CC1=CC=CC=C1
 ,CC1=CC=CC=C1
 ,CC1=CC=CC=C1
 ,CC1=CC=CC=C1
 ,CC1=CC=CC=C1
 ,CC1=CC=CC=C1
 ,CC1=CC=CC=C1
 ,CC1=CC=CC=C1
 ,CC1=CC=CC=C1
 ,CC1=CC=CC=C1
 ,CC1=CC=CC=C1
 ,CC1=CC=CC=C1
 ,CC1=CC=CC=C1
 ,CC1=CC=CC=C1
 ,CC1=CC=CC=C1
0.00084,CCCCCCCCCCCC
0.00084,CCCCCCCCCCCC
0.00084,CCCCCCCCCCCC
0.00084,CCCCCCCCCCCC
0.00084,CCCCCCCCCCCC
0.00084,CCCCCCCCCCCC
0.00084,CCCCCCCCCCCC
0.00084,CCCCCCCCCCCC
0.00084,CCCCCCCCCCCC
0.00084,CCCCCCCCCCCC
0.00084,CCCCCCCCCCCC
0.00084,CCCCCCCCCCCC
0.00084,CCCCCCCCCCCC
0.00084,CCCCCCCCCCCC
0.00084,CCCCCCCCCCCC
0.00084,CCCCCCCCCCCC
0.00084,CCCCCCCCCCCC
0.00084,CCCCCCCCCCCC
0.00084,CCCCCCCCCCCC
0.00084,CCCCCCCCCCCC
0.00084,CCCCCCCCCCCC
0.00084,CCCCCCCCCCCC
0.00084,CCCCCCCCCCCC
0.00084,CCCCCCCCCCCC
0.00084,CCCCCCCCCCCC
0.00084,CCCCCCCCCCCC
0.00084,CCCCCCCCCCCC
0.00084,CCCCCCCCCCCC
0.00084,CCCCCCCCCCCC
0.00084,CCCCCCCCCCCC
0.00084,CCCCCCCCCCCC
0.00084,CCCCCCCCCCCC
0.00084,CCCCCCCCCCCC
0.00084,CCCCCCCCCCCC
0.00084,CCCCCCCCCCCC
0.00084,CCCCCCCCCCCC
0.00084,CCCCCCCCCCCC
0.00084,CCCCCCCCCCCC
0.00084,CCCCCCCCCCCC
0.00084,CCCCCCCCCCCC
0.00084,CCCCCCCCCCCC
0.00084,CCCCCCCCCCCC
0.00084,CCCCCCCCCCCC
500,CCCCCCCCCCCC
1000,CCCCCCCCCCCC
500,CCCCCCCCCCCC
1000,CCCCCCCCCCCC
500,CCCCCCCCCCCC
500,CCCCCCCCCCCC
500,CCCCCCCCCCCC
1000,CCCCCCCCCCCC
500,CCCCCCCCCCCC
1000,CCCCCCCCCCCC
500,CCCCCCCCCCCC
1000,CCCCCCCCCCCC
500,CCCCCCCCCCCC
1000,CCCCCCCCCCCC
 ,CC1=CC=CC=C1
 ,CC1=CC=CC=C1
 ,CC1=CC=CC=C1
 ,CC1=CC=CC=C1
 ,CC1=CC=CC=C1
 ,CC1=CC=CC=C1
 ,CC1=CC=CC=C1
 ,CC1=CC=CC=C1
 ,CC1=CC=CC=C1
 ,CC1=CC=CC=C1
 ,CC1=CC=CC=C1
 ,CC1=CC=CC=C1
 ,CC1=CC=CC=C1
 ,CC1=CC=CC=C1
 ,CC1=CC=CC=C1
 ,CC1=CC=CC=C1
 ,CC1=CC=CC=C1
 ,CC1=CC=CC=C1
 ,CC1=CC=CC=C1
 ,CC1=CC=CC=C1
 ,CC1=CC=CC=C1
 ,CC1=CC=CC=C1
 ,CC1=CC=CC=C1
 ,CC1=CC=CC=C1
 ,CC1=CC=CC=C1
 ,CC1=CC=CC=C1
 ,CC1=CC=CC=C1
 ,CC1=CC=CC=C1
 ,CC1=CC=CC=C1
 ,CC1=CC=CC=C1
 ,CC1=CC=CC=C1
 ,CC1=CC=CC=C1
 ,CC1=CC=CC=C1
 ,CC1=CC=CC=C1
 ,CC1=CC=CC=C1
 ,CC1=CC=CC=C1
 ,CC1=CC=CC=C1
 ,CC1=CC=CC=C1
 ,CC1=CC=CC=C1
 ,CC1=CC=CC=C1
 ,CC1=CC=CC=C1
 ,CC1=CC=CC=C1
 ,CC1=CC=CC=C1
 ,CC1=CC=CC=C1
 ,CC1=CC=CC=C1
 ,CC1=CC=CC=C1
 ,CC1=CC=CC=C1
 ,CC1=CC=CC=C1
 ,CC1=CC=CC=C1
 ,CC1=CC=CC=C1
 ,CC1=CC=CC=C1
 ,CC1=CC=CC=C1
 ,CC1=CC=CC=C1
 ,CC1=CC=CC=C1
 ,CC1=CC=CC=C1
 ,CC1=CC=CC=C1
 ,CC1=CC=CC=C1
 ,CC1=CC=CC=C1
 ,CC1=CC=CC=C1
0.1,CCCCCCCCCCCC
0.1,CCCCCCCCCCCC
0.1,CCCCCCCCCCCC
0.1,CCCCCCCCCCCC
0.1,CCCCCCCCCCCC
0.1,CCCCCCCCCCCC
0.1,CCCCCCCCCCCC
0.1,CCCCCCCCCCCC
0.1,CCCCCCCCCCCC
0.1,CCCCCCCCCCCC
0.1,CCCCCCCCCCCC
0.1,CCCCCCCCCCCC
0.1,CCCCCCCCCCCC
0.1,CCCCCCCCCCCC
0.1,CCCCCCCCCCCC
0.1,CCCCCCCCCCCC
0.1,CCCCCCCCCCCC
0.1,CCCCCCCCCCCC
0.1,CCCCCCCCCCCC
0.1,CCCCCCCCCCCC
0.1,CCCCCCCCCCCC
0.1,CCCCCCCCCCCC
0.1,CCCCCCCCCCCC
0.1,CCCCCCCCCCCC
0.1,CCCCCCCCCCCC
0.1,CCCCCCCCCCCC
0.1,CCCCCCCCCCCC
0.1,CCCCCCCCCCCC
 ,CCCCCCCCCC(C)C
 ,CCCCCCCCCC(C)C
 ,CCCCCCCCCC(C)C
 ,CCCCCCCCCC(C)C
 ,CCCCCCCCCC(C)C
 ,CCCCCCCCCC(C)C
 ,CCCCCCCCCC(C)C
 ,CCCCCCCCCC(C)C
 ,CCCCCCCCCC(C)C
 ,CCCCCCCCCC(C)C
 ,CCCCCCCCCC(C)C
 ,CCCCCCCCCC(C)C
 ,CCCCCCCCCC(C)C
 ,CCCCCCCCCC(C)C
 ,CCCCCCCCCC(C)C
 ,CCCCCCCCCC(C)C
 ,CCCCCCCCCC(C)C
 ,CCCCCCCCCC(C)C
 ,CCCCCCCCCC(C)C
 ,CCCCCCCCCC(C)C
 ,CCCCCCCCCC(C)C
 ,CCCCCCCCCC(C)C
 ,CCCCCCCCCC(C)C
 ,CCCCCCCCCC(C)C
 ,CCCCCCCCCC(C)C
 ,CCCCCCCCCC(C)C
 ,CCCCCCCCCC(C)C
 ,CCCCCCCCCC(C)C
 ,CCCCCCCCCC(C)C
 ,CCCCCCCCCC(C)C
 ,CCCCCCCCCC(C)C
 ,CCCCCCCCCC(C)C
 ,CCCCCCCCCC(C)C
 ,CCCCCCCCCC(C)C
 ,CCCCCCCCCC(C)C
 ,CCCCCCCCCC(C)C
 ,CCCCCCCCCC(C)C
 ,CCCCCCCCCC(C)C
 ,CCCCCCCCCC(C)C
 ,CCCCCCCCCC(C)C
 ,CCCCCCCCCC(C)C
 ,CCCCCCCCCC(C)C
 ,CCCCCCCCCC(C)C
 ,CCCCCCCCCC(C)C
 ,CCCCCCCCCC(C)C
 ,CCCCCCCCCC(C)C
0.009,CCCCCCCCCCCC
0.009,CCCCCCCCCCCC
0.009,CCCCCCCCCCCC
0.009,CCCCCCCCCCCC
0.009,CCCCCCCCCCCC
214.592,CCCCCCCCCCCC
214.592,CCCCCCCCCCCC
214.592,CCCCCCCCCCCC
214.592,CCCCCCCCCCCC
214.592,CCCCCCCCCCCC
429.185,CCCCCCCCCCCC
429.185,CCCCCCCCCCCC
429.185,CCCCCCCCCCCC
429.185,CCCCCCCCCCCC
429.185,CCCCCCCCCCCC
858.369,CCCCCCCCCCCC
858.369,CCCCCCCCCCCC
858.369,CCCCCCCCCCCC
858.369,CCCCCCCCCCCC
858.369,CCCCCCCCCCCC
1287.55,CCCCCCCCCCCC
1287.55,CCCCCCCCCCCC
1287.55,CCCCCCCCCCCC
1287.55,CCCCCCCCCCCC
1287.55,CCCCCCCCCCCC
 ,CCCCCCCCCCCC
 ,CCCCCCCCCCCC
 ,CCCCCCCCCCCC
 ,CCCCCCCCCCCC
 ,CCCCCCCCCCCC
 ,CCCCCCCCCCCC
 ,CCCCCCCCCCCC
 ,CCCCCCCCCCCC
 ,CCCCCCCCCCCC
 ,CCCCCCCCCCCC
 ,CCCCCCCCCCCC
 ,CCCCCCCCCCCC
 ,CCCCCCCCCCCC
42.918,CCCCCCCCCCCC
85.837,CCCCCCCCCCCC
128.755,CCCCCCCCCCCC
171.674,CCCCCCCCCCCC
214.592,CCCCCCCCCCCC
 ,CC1=CC(=CC(=C1)C)C 
 ,CC1=CC(=CC(=C1)C)C 
 ,CC1=CC(=CC(=C1)C)C
 ,CC1=CC(=CC(=C1)C)C
 ,CC1=CC(=CC(=C1)C)C
 ,CC1=CC(=CC(=C1)C)C
 ,CC1=CC(=CC(=C1)C)C
 ,CC1=CC(=CC(=C1)C)C
 ,CC1=CC(=CC(=C1)C)C
 ,CC1=CC(=CC(=C1)C)C
 ,CC1=CC(=CC(=C1)C)C
 ,CC1=CC(=CC(=C1)C)C
44.927,CC1=CC(=CC(=C1)C)C
84.4617,CC1=CC(=CC(=C1)C)C
172.508,CC1=CC(=CC(=C1)C)C
297.908,CC1=CC(=CC(=C1)C)C
479.339,CC1=CC(=CC(=C1)C)C
626.261,CC1=CC(=CC(=C1)C)C
818.785,CC1=CC(=CC(=C1)C)C
10.3506,CC1=CC(=CC(=C1)C)C
26.723,CC1=CC(=CC(=C1)C)C
40.1508,CC1=CC(=CC(=C1)C)C
 ,CC1=CC(=CC(=C1)C)C
 ,CC1=CC(=CC(=C1)C)C
 ,CC1=CC(=CC(=C1)C)C
 ,CC1=CC(=CC(=C1)C)C
 ,CCCCCCCCCCCC
 ,CCCCCCCCCCCC
 ,CCCCCCCCCCCC
 ,CCCCCCCCCCCC
 ,CCCCCCCCCCCC
 ,CCCCCCCCCCCC
 ,CCCCCCCCCCCC
 ,CCCCCCCCCCCC
 ,CCCCCCCCCCCC
 ,CCCCCCCCCCCC
 ,CCCCCCCCCCCC
 ,CCCCCCCCCCCC
 ,CCCCCCCCCCCC
 ,CCCCCCCCCCCC
 ,CCCCCCCCCCCC
 ,CCCCCCCCCCCC
 ,CCCCCCCCCCCC
 ,CCCCCCCCCCCC
 ,CCCCCCCCCCCC
 ,CCCCCCCCCCCC
 ,CCCCCCCCCCCC
 ,CCCCCCCCCCCC
 ,CCCCCCCCCCCC
 ,CCCCCCCCCCCC
 ,CCCCCCCCCCCC
 ,CCCCCCCCCCCC
 ,CCCCCCCCCCCC
 ,CCCCCCCCCCCC
 ,CCCCCCCCCCCC
 ,CCCCCCCCCCCC
 ,CCCCCCCCCCCC
 ,CCCCCCCCCCCC
 ,CCCCCCCCCCCC
 ,CCCCCCCCCCCC
 ,CCCCCCCCCCCC
 ,CCCCCCCCCCCC
 ,CCCCCCCCCCCC
 ,CCCCCCCCCCCC
 ,CCCCCCCCCCCC
 ,CCCCCCCCCCCC
 ,CCCCCCCCCCCC
0.01,CCCCCCCCCCCC
0.01,CCCCCCCCCCCC
0.01,CCCCCCCCCCCC
0.01,CCCCCCCCCCCC
0.01,CCCCCCCCCCCC
0.01,CCCCCCCCCCCC
0.01,CCCCCCCCCCCC
0.01,CCCCCCCCCCCC
0.01,CCCCCCCCCCCC
0.01,CCCCCCCCCCCC
0.01,CCCCCCCCCCCC
0.01,CCCCCCCCCCCC
0.01,CCCCCCCCCCCC
0.01,CCCCCCCCCCCC
0.01,CCCCCCCCCCCC
0.01,CCCCCCCCCCCC
0.01,CCCCCCCCCCCC
0.01,CCCCCCCCCCCC
0.01,CCCCCCCCCCCC
0.01,CCCCCCCCCCCC
0.01,CCCCCCCCCCCC
0.01,CCCCCCCCCCCC
0.01,CCCCCCCCCCCC
0.01,CCCCCCCCCCCC
0.01,CCCCCCCCCCCC
0.01,CCCCCCCCCCCC
0.01,CCCCCCCCCCCC
0.01,CCCCCCCCCCCC
0.01,CCCCCCCCCCCC
0.01,CCCCCCCCCCCC
0.01,CCCCCCCCCCCC
0.01,CCCCCCCCCCCC
0.01,CCCCCCCCCCCC
0.01,CCCCCCCCCCCC
0.01,CCCCCCCCCCCC
0.01,CCCCCCCCCCCC
0.01,CCCCCCCCCCCC
0.01,CCCCCCCCCCCC
0.01,CCCCCCCCCCCC
0.01,CCCCCCCCCCCC
0.01,CCCCCCCCCCCC
0.01,CCCCCCCCCCCC
0.01,CCCCCCCCCCCC
0.01,CCCCCCCCCCCC
0.013,CCCCCCCCCCCC
0.013,CCCCCCCCCCCC
0.013,CCCCCCCCCCCC
0.013,CCCCCCCCCCCC
 ,CCCCCCCCCCCC
 ,CCCCCCCCCCCC
 ,CCCCCCCCCCCC
 ,CCCCCCCCCCCC
 ,CCCCCCCCCCCC
 ,CCCCCCCCCCCC
 ,CCCCCCCCCCCC
 ,CCCCCCCCCCCC
 ,CCCCCCCCCCCC
 ,CCCCCCCCCCCC
 ,CCCCCCCCCCCC
 ,CCCCCCCCCCCC
 ,CCCCCCCCCCCC
 ,CCCCCCCCCCCC
 ,CCCCCCCCCCCC
 ,CCCCCCCCCCCC
