Model,CV MAE,Test R²,Test MAE,Test RMSE
GradientBoosting,0.13517167679559622,0.924905071630328,0.12930571540787347,0.2238876599200337
ExtraTrees,0.14037419109208257,0.8999014691679262,0.13192580722286068,0.258486999353408
RandomForest,0.17788661412901902,0.8877260278781848,0.1565886925793687,0.27375647324409275
KNN,0.18286218042254837,0.8565407454965575,0.1627097804669781,0.3094490389504344
SVR,0.22073734953385893,0.8175579402806884,0.19104551017818552,0.3489693919662025
MLP,0.3177879242752458,0.6930011974857067,0.3126282892067397,0.45268196682239
AdaBoost,0.41495398125539784,0.5949507029252883,0.40648869719610553,0.5199706074675535
ElasticNet,0.42994906467760374,0.39682167055405504,0.44159022893294486,0.6345235107663383
Ridge,0.4299492525894578,0.3963193195398269,0.4417456208465124,0.6347876840411236
