Model,Feature set,CV_MAE,Train_R2,Train_MAE,Train_RMSE,Test_R2,Test_MAE,Test_RMSE,Best_params
Ridge,IF-Experiment + IF-Property + IF-Fingerprint,0.4299492525894578,0.4517539847510045,0.4231181180264167,0.6015790027159955,0.3963193195398269,0.4417456208465124,0.6347876840411236,{'alpha': 1.0178479281398823e-05}
ElasticNet,IF-Experiment + IF-Property + IF-Fingerprint,0.42994906467760374,0.45173985834106767,0.4232947855202598,0.6015867529746605,0.39682167055405504,0.44159022893294486,0.6345235107663383,"{'alpha': 0.000613909298414497, 'l1_ratio': 0.9381162240246997}"
SVR,IF-Experiment + IF-Property + IF-Fingerprint,0.22073734953385893,0.9391552358718674,0.0801204357924296,0.20040868270507825,0.8175579402806884,0.19104551017818552,0.3489693919662025,"{'C': 26.59470763949657, 'epsilon': 0.0016680632915000487, 'gamma': 0.9902061627921935}"
KNN,IF-Experiment + IF-Property + IF-Fingerprint,0.18286218042254837,0.9954054931720575,0.014070361183823312,0.055071179491695724,0.8565407454965575,0.1627097804669781,0.3094490389504344,"{'n_neighbors': 3, 'weights': 'distance', 'p': 1}"
RandomForest,IF-Experiment + IF-Property + IF-Fingerprint,0.17788661412901902,0.9766626241816211,0.07415197478159367,0.12411690502463361,0.8877260278781848,0.1565886925793687,0.27375647324409275,"{'n_estimators': 285, 'max_depth': 26, 'min_samples_split': 3, 'min_samples_leaf': 1, 'max_features': 0.5}"
ExtraTrees,IF-Experiment + IF-Property + IF-Fingerprint,0.14037419109208257,0.9946276506335041,0.02464142142272808,0.05955072472101988,0.8999014691679262,0.13192580722286068,0.258486999353408,"{'n_estimators': 700, 'max_depth': 17, 'min_samples_split': 2, 'min_samples_leaf': 1, 'max_features': 1.0}"
GradientBoosting,IF-Experiment + IF-Property + IF-Fingerprint,0.13517167679559622,0.9953086057521598,0.02944018975426449,0.05564881143815159,0.924905071630328,0.12930571540787347,0.2238876599200337,"{'n_estimators': 592, 'learning_rate': 0.07186481529772076, 'max_depth': 6, 'min_samples_split': 10, 'min_samples_leaf': 1, 'subsample': 0.7161084200248271}"
AdaBoost,IF-Experiment + IF-Property + IF-Fingerprint,0.41495398125539784,0.5997272337505082,0.407453211267272,0.514023469655318,0.5949507029252883,0.40648869719610553,0.5199706074675535,"{'n_estimators': 258, 'learning_rate': 0.9376843534816187, 'loss': 'linear'}"
MLP,IF-Experiment + IF-Property + IF-Fingerprint,0.3177879242752458,0.7050315063218316,0.3020721386763242,0.44125815286598286,0.6930011974857067,0.3126282892067397,0.45268196682239,"{'hidden_layer_sizes': (256, 128, 64), 'activation': 'relu', 'alpha': 3.7241386313244053e-05, 'learning_rate_init': 0.0016559937139333904}"
